epoch,train_loss,val_loss,train_cosine_similarity,train_std_ctx,train_std_tgt
4,0.16946852146901012,0.12617478161177376,0.686911808960281,0.7171769966895299,0.8783471495402899
