epoch,train_loss,val_loss,train_cosine_similarity,train_std_ctx,train_std_tgt
3,0.07721532316043458,0.08527081314697518,0.916688367357395,0.5219460744869533,0.6511464171808928
